[
    {
        "pk": 1,
        "model": "auth.message",
        "fields": {
            "message": "The Article \"Boring article\" was changed successfully.",
            "user": 1
        }
    },
    {
        "pk": 2,
        "model": "auth.message",
        "fields": {
            "message": "The Article \"The very first article\" was changed successfully.",
            "user": 1
        }
    },
    {
        "pk": 25,
        "model": "contenttypes.contenttype",
        "fields": {
            "model": "adminsetting",
            "name": "Admin user setting",
            "app_label": "newman"
        }
    },
    {
        "pk": 29,
        "model": "contenttypes.contenttype",
        "fields": {
            "model": "article",
            "name": "Article",
            "app_label": "articles"
        }
    },
    {
        "pk": 30,
        "model": "contenttypes.contenttype",
        "fields": {
            "model": "articlecontents",
            "name": "Article content",
            "app_label": "articles"
        }
    },
    {
        "pk": 10,
        "model": "contenttypes.contenttype",
        "fields": {
            "model": "author",
            "name": "Author",
            "app_label": "core"
        }
    },
    {
        "pk": 12,
        "model": "contenttypes.contenttype",
        "fields": {
            "model": "category",
            "name": "Category",
            "app_label": "core"
        }
    },
    {
        "pk": 13,
        "model": "contenttypes.contenttype",
        "fields": {
            "model": "dependency",
            "name": "Dependency",
            "app_label": "core"
        }
    },
    {
        "pk": 22,
        "model": "contenttypes.contenttype",
        "fields": {
            "model": "devmessage",
            "name": "Development message",
            "app_label": "newman"
        }
    },
    {
        "pk": 24,
        "model": "contenttypes.contenttype",
        "fields": {
            "model": "adminuserdraft",
            "name": "Draft item",
            "app_label": "newman"
        }
    },
    {
        "pk": 20,
        "model": "contenttypes.contenttype",
        "fields": {
            "model": "format",
            "name": "Format",
            "app_label": "photos"
        }
    },
    {
        "pk": 21,
        "model": "contenttypes.contenttype",
        "fields": {
            "model": "formatedphoto",
            "name": "Formated photo",
            "app_label": "photos"
        }
    },
    {
        "pk": 23,
        "model": "contenttypes.contenttype",
        "fields": {
            "model": "adminhelpitem",
            "name": "Help item",
            "app_label": "newman"
        }
    },
    {
        "pk": 17,
        "model": "contenttypes.contenttype",
        "fields": {
            "model": "hitcount",
            "name": "Hit Count",
            "app_label": "core"
        }
    },
    {
        "pk": 28,
        "model": "contenttypes.contenttype",
        "fields": {
            "model": "infobox",
            "name": "Info box",
            "app_label": "articles"
        }
    },
    {
        "pk": 16,
        "model": "contenttypes.contenttype",
        "fields": {
            "model": "listing",
            "name": "Listing",
            "app_label": "core"
        }
    },
    {
        "pk": 19,
        "model": "contenttypes.contenttype",
        "fields": {
            "model": "photo",
            "name": "Photo",
            "app_label": "photos"
        }
    },
    {
        "pk": 15,
        "model": "contenttypes.contenttype",
        "fields": {
            "model": "placement",
            "name": "Placement",
            "app_label": "core"
        }
    },
    {
        "pk": 14,
        "model": "contenttypes.contenttype",
        "fields": {
            "model": "publishable",
            "name": "Publishable object",
            "app_label": "core"
        }
    },
    {
        "pk": 18,
        "model": "contenttypes.contenttype",
        "fields": {
            "model": "related",
            "name": "Related",
            "app_label": "core"
        }
    },
    {
        "pk": 33,
        "model": "contenttypes.contenttype",
        "fields": {
            "model": "categorysubdomain",
            "name": "SEO Category",
            "app_label": "ella_category_subdomain"
        }
    },
    {
        "pk": 11,
        "model": "contenttypes.contenttype",
        "fields": {
            "model": "source",
            "name": "Source",
            "app_label": "core"
        }
    },
    {
        "pk": 31,
        "model": "contenttypes.contenttype",
        "fields": {
            "model": "textprocessor",
            "name": "Text processor",
            "app_label": "djangomarkup"
        }
    },
    {
        "pk": 32,
        "model": "contenttypes.contenttype",
        "fields": {
            "model": "sourcetext",
            "name": "Text source",
            "app_label": "djangomarkup"
        }
    },
    {
        "pk": 26,
        "model": "contenttypes.contenttype",
        "fields": {
            "model": "categoryuserrole",
            "name": "User role in category",
            "app_label": "newman"
        }
    },
    {
        "pk": 6,
        "model": "contenttypes.contenttype",
        "fields": {
            "model": "contenttype",
            "name": "content type",
            "app_label": "contenttypes"
        }
    },
    {
        "pk": 27,
        "model": "contenttypes.contenttype",
        "fields": {
            "model": "denormalizedcategoryuserrole",
            "name": "denormalized category user role",
            "app_label": "newman"
        }
    },
    {
        "pk": 3,
        "model": "contenttypes.contenttype",
        "fields": {
            "model": "group",
            "name": "group",
            "app_label": "auth"
        }
    },
    {
        "pk": 1,
        "model": "contenttypes.contenttype",
        "fields": {
            "model": "logentry",
            "name": "log entry",
            "app_label": "admin"
        }
    },
    {
        "pk": 5,
        "model": "contenttypes.contenttype",
        "fields": {
            "model": "message",
            "name": "message",
            "app_label": "auth"
        }
    },
    {
        "pk": 2,
        "model": "contenttypes.contenttype",
        "fields": {
            "model": "permission",
            "name": "permission",
            "app_label": "auth"
        }
    },
    {
        "pk": 9,
        "model": "contenttypes.contenttype",
        "fields": {
            "model": "redirect",
            "name": "redirect",
            "app_label": "redirects"
        }
    },
    {
        "pk": 7,
        "model": "contenttypes.contenttype",
        "fields": {
            "model": "session",
            "name": "session",
            "app_label": "sessions"
        }
    },
    {
        "pk": 8,
        "model": "contenttypes.contenttype",
        "fields": {
            "model": "site",
            "name": "site",
            "app_label": "sites"
        }
    },
    {
        "pk": 4,
        "model": "contenttypes.contenttype",
        "fields": {
            "model": "user",
            "name": "user",
            "app_label": "auth"
        }
    },
    {
        "pk": "7f6cd40ab1a21227916dd144881acdc4",
        "model": "sessions.session",
        "fields": {
            "expire_date": "2011-12-06 11:33:41",
            "session_data": "ZWE1ZGNmMWZmZjM5YTYxODA5ZWM0NTczYzc5ZDEwMzc2ODE1NTZmZTqAAn1xAS4=\n"
        }
    },
    {
        "pk": "5b352049f06ff035c5719e94451c73fd",
        "model": "sessions.session",
        "fields": {
            "expire_date": "2011-12-06 11:33:42",
            "session_data": "ZWE1ZGNmMWZmZjM5YTYxODA5ZWM0NTczYzc5ZDEwMzc2ODE1NTZmZTqAAn1xAS4=\n"
        }
    },
    {
        "pk": "66a828cc093aec91803f348c65481b3b",
        "model": "sessions.session",
        "fields": {
            "expire_date": "2011-12-06 11:33:44",
            "session_data": "ZWE1ZGNmMWZmZjM5YTYxODA5ZWM0NTczYzc5ZDEwMzc2ODE1NTZmZTqAAn1xAS4=\n"
        }
    },
    {
        "pk": "2a5437e5ba170a484a9701b74ee082d2",
        "model": "sessions.session",
        "fields": {
            "expire_date": "2011-12-06 11:33:44",
            "session_data": "ZWE1ZGNmMWZmZjM5YTYxODA5ZWM0NTczYzc5ZDEwMzc2ODE1NTZmZTqAAn1xAS4=\n"
        }
    },
    {
        "pk": "80afb1be7c1de8886cb851d104f35d6b",
        "model": "sessions.session",
        "fields": {
            "expire_date": "2011-12-06 11:33:45",
            "session_data": "ZWE1ZGNmMWZmZjM5YTYxODA5ZWM0NTczYzc5ZDEwMzc2ODE1NTZmZTqAAn1xAS4=\n"
        }
    },
    {
        "pk": "ea614824d2af48555b83fad134d06236",
        "model": "sessions.session",
        "fields": {
            "expire_date": "2011-12-06 11:34:01",
            "session_data": "ZDJjNjMzNGNlMTNmZjZhNjQxMGQ5NGY0NTc3ZTA5MGQ0NDFiMDkyNDqAAn1xAShVEl9hdXRoX3Vz\nZXJfYmFja2VuZHECVSlkamFuZ28uY29udHJpYi5hdXRoLmJhY2tlbmRzLk1vZGVsQmFja2VuZHED\nVQ1fYXV0aF91c2VyX2lkcQRLAXUu\n"
        }
    },
    {
        "pk": "6448b9a5132b2b4f3e4402c20c775d38",
        "model": "sessions.session",
        "fields": {
            "expire_date": "2011-12-06 11:39:22",
            "session_data": "ZDJjNjMzNGNlMTNmZjZhNjQxMGQ5NGY0NTc3ZTA5MGQ0NDFiMDkyNDqAAn1xAShVEl9hdXRoX3Vz\nZXJfYmFja2VuZHECVSlkamFuZ28uY29udHJpYi5hdXRoLmJhY2tlbmRzLk1vZGVsQmFja2VuZHED\nVQ1fYXV0aF91c2VyX2lkcQRLAXUu\n"
        }
    },
    {
        "pk": "07f6ff8644c8bfc88690822bf108c6c2",
        "model": "sessions.session",
        "fields": {
            "expire_date": "2011-12-06 13:41:07",
            "session_data": "MmEyNDQ5NGRkZTMwOWUxMzljOWI1OTQyY2E5MWZmOTQ2ZjU0ZmU3MTqAAn1xAVUKdGVzdGNvb2tp\nZXECVQZ3b3JrZWRxA3Mu\n"
        }
    },
    {
        "pk": "7cdcc84337beb8baceac075e9ccc7846",
        "model": "sessions.session",
        "fields": {
            "expire_date": "2011-12-06 13:41:40",
            "session_data": "ZDJjNjMzNGNlMTNmZjZhNjQxMGQ5NGY0NTc3ZTA5MGQ0NDFiMDkyNDqAAn1xAShVEl9hdXRoX3Vz\nZXJfYmFja2VuZHECVSlkamFuZ28uY29udHJpYi5hdXRoLmJhY2tlbmRzLk1vZGVsQmFja2VuZHED\nVQ1fYXV0aF91c2VyX2lkcQRLAXUu\n"
        }
    },
    {
        "pk": "c3391aefec0a63fdb20bf41847308f21",
        "model": "sessions.session",
        "fields": {
            "expire_date": "2011-12-06 13:42:36",
            "session_data": "ZDJjNjMzNGNlMTNmZjZhNjQxMGQ5NGY0NTc3ZTA5MGQ0NDFiMDkyNDqAAn1xAShVEl9hdXRoX3Vz\nZXJfYmFja2VuZHECVSlkamFuZ28uY29udHJpYi5hdXRoLmJhY2tlbmRzLk1vZGVsQmFja2VuZHED\nVQ1fYXV0aF91c2VyX2lkcQRLAXUu\n"
        }
    },
    {
        "pk": "3fbc7811f35cd6c249b3891397da3ad6",
        "model": "sessions.session",
        "fields": {
            "expire_date": "2011-12-06 13:46:46",
            "session_data": "ZDJjNjMzNGNlMTNmZjZhNjQxMGQ5NGY0NTc3ZTA5MGQ0NDFiMDkyNDqAAn1xAShVEl9hdXRoX3Vz\nZXJfYmFja2VuZHECVSlkamFuZ28uY29udHJpYi5hdXRoLmJhY2tlbmRzLk1vZGVsQmFja2VuZHED\nVQ1fYXV0aF91c2VyX2lkcQRLAXUu\n"
        }
    },
    {
        "pk": 1,
        "model": "sites.site",
        "fields": {
            "domain": "example.com",
            "name": "Example site"
        }
    },
    {
        "pk": 1,
        "model": "redirects.redirect",
        "fields": {
            "new_path": "/2011/11/22/articles/first-article/",
            "site": 1,
            "old_path": "/2009/12/25/articles/first-article/"
        }
    },
    {
        "pk": 2,
        "model": "redirects.redirect",
        "fields": {
            "new_path": "/2011/11/22/articles/first-article/",
            "site": 1,
            "old_path": "/2009/12/25/articles/the-first-article/"
        }
    },
    {
        "pk": 1,
        "model": "core.author",
        "fields": {
            "description": "",
            "text": "",
            "email": "",
            "user": 1,
            "slug": "king",
            "name": "King"
        }
    },
    {
        "pk": 1,
        "model": "core.category",
        "fields": {
            "tree_parent": null,
            "description": "This is root category.",
            "title": "Homepage",
            "site": 1,
            "tree_path": "",
            "slug": "homepage"
        }
    },
    {
        "pk": 2,
        "model": "core.category",
        "fields": {
            "tree_parent": 1,
            "description": "Amazing category",
            "title": "Amazing",
            "site": 1,
            "tree_path": "amazing",
            "slug": "amazing"
        }
    },
    {
        "pk": 3,
        "model": "core.category",
        "fields": {
            "tree_parent": 1,
            "description": "Boring category",
            "title": "Boring",
            "site": 1,
            "tree_path": "boring",
            "slug": "boring"
        }
    },
    {
        "pk": 1,
        "model": "core.publishable",
        "fields": {
            "category": 1,
            "publish_from": "2011-11-22 06:00:00",
            "description": "<p>Read our very first article!</p>\n",
            "title": "The very first article",
            "photo": null,
            "source": null,
            "content_type": 29,
            "authors": [
                1
            ],
            "slug": "first-article"
        }
    },
    {
        "pk": 2,
        "model": "core.publishable",
        "fields": {
            "category": 2,
            "publish_from": "2011-11-22 15:50:00",
            "description": "<p>The most amazing Lorem ipsum ever!</p>\n",
            "title": "Amazing article",
            "photo": null,
            "source": null,
            "content_type": 29,
            "authors": [
                1
            ],
            "slug": "amazing-article"
        }
    },
    {
        "pk": 3,
        "model": "core.publishable",
        "fields": {
            "category": 3,
            "publish_from": "2011-11-22 15:53:00",
            "description": "<p>The most boring article ever! You must to read it!</p>\n",
            "title": "Boring article",
            "photo": null,
            "source": null,
            "content_type": 29,
            "authors": [
                1
            ],
            "slug": "boring-article"
        }
    },
    {
        "pk": 1,
        "model": "core.placement",
        "fields": {
            "category": 1,
            "publish_from": "2011-11-22 06:00:00",
            "publish_to": null,
            "static": false,
            "publishable": 1,
            "slug": "first-article"
        }
    },
    {
        "pk": 2,
        "model": "core.placement",
        "fields": {
            "category": 2,
            "publish_from": "2011-11-22 15:50:00",
            "publish_to": null,
            "static": false,
            "publishable": 2,
            "slug": "amazing-article"
        }
    },
    {
        "pk": 3,
        "model": "core.placement",
        "fields": {
            "category": 3,
            "publish_from": "2011-11-22 15:53:00",
            "publish_to": null,
            "static": false,
            "publishable": 3,
            "slug": "boring-article"
        }
    },
    {
        "pk": 3,
        "model": "core.listing",
        "fields": {
            "category": 3,
            "publish_from": "2011-11-22 15:53:00",
            "placement": 3,
            "priority_value": null,
            "commercial": false,
            "publish_to": null,
            "priority_to": null,
            "priority_from": null
        }
    },
    {
        "pk": 2,
        "model": "core.listing",
        "fields": {
            "category": 2,
            "publish_from": "2011-11-22 15:51:00",
            "placement": 2,
            "priority_value": null,
            "commercial": false,
            "publish_to": null,
            "priority_to": null,
            "priority_from": null
        }
    },
    {
        "pk": 1,
        "model": "core.listing",
        "fields": {
            "category": 1,
            "publish_from": "2011-11-22 06:00:00",
            "placement": 1,
            "priority_value": null,
            "commercial": false,
            "publish_to": null,
            "priority_to": null,
            "priority_from": null
        }
    },
    {
        "pk": 1,
        "model": "core.hitcount",
        "fields": {
            "hits": 0,
            "last_seen": "2011-11-22 06:00:00"
        }
    },
    {
        "pk": 2,
        "model": "core.hitcount",
        "fields": {
            "hits": 0,
            "last_seen": "2011-11-22 15:51:09"
        }
    },
    {
        "pk": 3,
        "model": "core.hitcount",
        "fields": {
            "hits": 0,
            "last_seen": "2011-11-22 15:53:23"
        }
    },
    {
        "pk": 3,
        "model": "newman.adminuserdraft",
        "fields": {
            "title": "",
            "data": "[{\"name\":\"csrfmiddlewaretoken\",\"value\":\"8d6a56492a0e6918699f900c17a232d9\"},{\"name\":\"title\",\"value\":\"Boring article\"},{\"name\":\"upper_title\",\"value\":\"\"},{\"name\":\"updated\",\"value\":\"\"},{\"name\":\"slug\",\"value\":\"boring-article\"},{\"name\":\"photo\",\"value\":\"\"},{\"name\":\"category\",\"value\":\"3#Example site/boring\"},{\"name\":\"authors\",\"value\":\"1#King\"},{\"name\":\"source\",\"value\":\"#\"},{\"name\":\"description\",\"value\":\"The most boring article ever! You must to read it!\"},{\"name\":\"articlecontents_set-TOTAL_FORMS\",\"value\":\"1\"},{\"name\":\"articlecontents_set-INITIAL_FORMS\",\"value\":\"0\"},{\"name\":\"articlecontents_set-MAX_NUM_FORMS\",\"value\":\"1\"},{\"name\":\"articlecontents_set-0-id\",\"value\":\"\"},{\"name\":\"articlecontents_set-0-article\",\"value\":\"\"},{\"name\":\"articlecontents_set-0-content\",\"value\":\"Lorem ipsum dolor sit amet, consectetur adipiscing elit. Maecenas tristique commodo blandit. Proin interdum, arcu non varius tempor, velit risus ullamcorper libero, nec accumsan arcu dui eget orci. Sed aliquet tortor id neque adipiscing molestie. Aenean ipsum dui, condimentum vel convallis ac, condimentum ac ipsum. Suspendisse ut neque nisl. Praesent urna urna, imperdiet sit amet condimentum et, posuere varius dui. Ut id ligula est.\\n\\nMaecenas iaculis fringilla purus. Aliquam aliquet magna nec leo scelerisque a vehicula eros ornare. Sed et nibh dolor, at lobortis ligula. Vivamus vel posuere ante. Morbi magna odio, lobortis eu fringilla non, aliquam blandit orci. Aenean tempor venenatis magna, nec bibendum urna volutpat id. Phasellus pellentesque justo sed odio facilisis et bibendum dui porta. Nulla ut augue sed risus auctor accumsan eget eu magna. Nullam auctor consequat diam, a laoreet lacus lobortis non. In hac habitasse platea dictumst. Etiam sollicitudin lorem id est iaculis tempor. Morbi eget ligula augue.\\n\\nNulla laoreet justo risus, et consectetur justo. Quisque et mauris nec est placerat volutpat. Vestibulum ut magna tellus, id rutrum orci. Sed et lorem at dui luctus luctus at et tellus. Donec sit amet sapien ut elit fermentum sagittis id sed sem. Sed bibendum porttitor nulla quis consectetur. Etiam imperdiet rutrum turpis, at tincidunt turpis pulvinar vitae. Maecenas in risus sit amet nisl condimentum scelerisque sed ac lectus. Mauris nisl mi, dapibus sit amet sollicitudin pharetra, blandit quis nisl. Fusce porta aliquam arcu et facilisis. Morbi congue ullamcorper metus in semper.\\n\\nVivamus tempus facilisis viverra. Pellentesque porta, est sed ullamcorper viverra, quam massa luctus risus, ut vulputate ante diam at sapien. Nullam in ligula erat, vitae sodales dui. Morbi vel leo ac orci fringilla vestibulum et sed lorem. Quisque ac sodales dui. Aliquam congue diam a ante interdum non accumsan augue malesuada. Aliquam rutrum enim in lectus eleifend dictum vehicula dui euismod. Nullam commodo feugiat sollicitudin. Nulla lacinia suscipit turpis a volutpat. Aliquam orci orci, interdum sagittis venenatis ac, congue faucibus enim. Vestibulum ante ipsum primis in faucibus orci luctus et ultrices posuere cubilia Curae;\\n\\nCum sociis natoque penatibus et magnis dis parturient montes, nascetur ridiculus mus. Ut mattis pharetra neque vitae semper. Phasellus sit amet ipsum neque, non laoreet dolor. Fusce vitae nisi augue, eget interdum velit. Ut sagittis dapibus nulla, a ornare metus vehicula sit amet. In dui lorem, lobortis ut vestibulum quis, rhoncus eget nulla. Aliquam varius euismod viverra. Nulla vitae diam eu velit pretium fringilla quis consequat orci. Praesent venenatis erat et odio adipiscing auctor. Suspendisse potenti. Cras quis quam vitae justo volutpat varius quis in neque. Aenean porta vestibulum orci.\\n\"},{\"name\":\"articlecontents_set-__prefix__-id\",\"value\":\"\"},{\"name\":\"articlecontents_set-__prefix__-article\",\"value\":\"\"},{\"name\":\"articlecontents_set-__prefix__-content\",\"value\":\"\"},{\"name\":\"placement_set-TOTAL_FORMS\",\"value\":\"1\"},{\"name\":\"placement_set-INITIAL_FORMS\",\"value\":\"0\"},{\"name\":\"placement_set-MAX_NUM_FORMS\",\"value\":\"1\"},{\"name\":\"placement_set-0-id\",\"value\":\"\"},{\"name\":\"placement_set-0-publishable\",\"value\":\"\"},{\"name\":\"placement_set-0-category\",\"value\":\"3#Example site/boring\"},{\"name\":\"placement_set-0-publish_from\",\"value\":\"2011-11-22 15:53 Tu\"},{\"name\":\"placement_set-0-publish_to\",\"value\":\"\"},{\"name\":\"placement_listing_widget\",\"value\":\"placement_set-0-listings\"},{\"name\":\"placement_set-__prefix__-id\",\"value\":\"\"},{\"name\":\"placement_set-__prefix__-publishable\",\"value\":\"\"},{\"name\":\"placement_set-__prefix__-category\",\"value\":\"3#Example site/boring\"},{\"name\":\"placement_set-__prefix__-publish_from\",\"value\":\"\"},{\"name\":\"placement_set-__prefix__-publish_to\",\"value\":\"\"},{\"name\":\"core-related-related_ct-related_id-TOTAL_FORMS\",\"value\":\"3\"},{\"name\":\"core-related-related_ct-related_id-INITIAL_FORMS\",\"value\":\"0\"},{\"name\":\"core-related-related_ct-related_id-MAX_NUM_FORMS\",\"value\":\"\"},{\"name\":\"core-related-related_ct-related_id-0-id\",\"value\":\"\"},{\"name\":\"core-related-related_ct-related_id-0-publishable\",\"value\":\"#\"},{\"name\":\"core-related-related_ct-related_id-1-id\",\"value\":\"\"},{\"name\":\"core-related-related_ct-related_id-1-publishable\",\"value\":\"#\"},{\"name\":\"core-related-related_ct-related_id-2-id\",\"value\":\"\"},{\"name\":\"core-related-related_ct-related_id-2-publishable\",\"value\":\"#\"},{\"name\":\"core-related-related_ct-related_id-__prefix__-id\",\"value\":\"\"},{\"name\":\"core-related-related_ct-related_id-__prefix__-publishable\",\"value\":\"#\"},{\"name\":\"success\",\"value\":\"\"}]",
            "user": 1,
            "ts": "2011-11-22 15:53:21",
            "ct": 29
        }
    },
    {
        "pk": 2,
        "model": "newman.adminuserdraft",
        "fields": {
            "title": "* crash save",
            "data": "[{\"name\":\"csrfmiddlewaretoken\",\"value\":\"8d6a56492a0e6918699f900c17a232d9\"},{\"name\":\"title\",\"value\":\"Amazing\"},{\"name\":\"slug\",\"value\":\"amazing\"},{\"name\":\"tree_parent\",\"value\":\"#\"},{\"name\":\"description\",\"value\":\"\"},{\"name\":\"site\",\"value\":\"1\"},{\"name\":\"success\",\"value\":\"\"}]",
            "user": 1,
            "ts": "2011-11-22 14:27:46",
            "ct": 12
        }
    },
    {
        "pk": 1,
        "model": "newman.adminuserdraft",
        "fields": {
            "title": "",
            "data": "[{\"name\":\"csrfmiddlewaretoken\",\"value\":\"8d6a56492a0e6918699f900c17a232d9\"},{\"name\":\"title\",\"value\":\"The first article\"},{\"name\":\"upper_title\",\"value\":\"\"},{\"name\":\"updated\",\"value\":\"\"},{\"name\":\"slug\",\"value\":\"the-first-article\"},{\"name\":\"photo\",\"value\":\"\"},{\"name\":\"category\",\"value\":\"1#Example site/\"},{\"name\":\"authors\",\"value\":\"1#King\"},{\"name\":\"source\",\"value\":\"#\"},{\"name\":\"description\",\"value\":\"The very first article.\"},{\"name\":\"articlecontents_set-TOTAL_FORMS\",\"value\":\"1\"},{\"name\":\"articlecontents_set-INITIAL_FORMS\",\"value\":\"1\"},{\"name\":\"articlecontents_set-MAX_NUM_FORMS\",\"value\":\"1\"},{\"name\":\"articlecontents_set-0-id\",\"value\":\"1\"},{\"name\":\"articlecontents_set-0-article\",\"value\":\"1\"},{\"name\":\"articlecontents_set-0-content\",\"value\":\"\"},{\"name\":\"placement_set-TOTAL_FORMS\",\"value\":\"1\"},{\"name\":\"placement_set-INITIAL_FORMS\",\"value\":\"1\"},{\"name\":\"placement_set-MAX_NUM_FORMS\",\"value\":\"1\"},{\"name\":\"placement_set-0-id\",\"value\":\"1\"},{\"name\":\"placement_set-0-publishable\",\"value\":\"1\"},{\"name\":\"placement_set-0-category\",\"value\":\"1#Example site/\"},{\"name\":\"placement_set-0-publish_from\",\"value\":\"2009-12-25 06:00\"},{\"name\":\"placement_set-0-publish_to\",\"value\":\"\"},{\"name\":\"placement_set-0-listings\",\"value\":\"1#Example site/\"},{\"name\":\"placement_set-0-listings-publish_from\",\"value\":\"2009-12-25 06:00\"},{\"name\":\"placement_listing_widget\",\"value\":\"placement_set-0-listings\"},{\"name\":\"core-related-related_ct-related_id-TOTAL_FORMS\",\"value\":\"3\"},{\"name\":\"core-related-related_ct-related_id-INITIAL_FORMS\",\"value\":\"0\"},{\"name\":\"core-related-related_ct-related_id-MAX_NUM_FORMS\",\"value\":\"\"},{\"name\":\"core-related-related_ct-related_id-0-id\",\"value\":\"\"},{\"name\":\"core-related-related_ct-related_id-0-publishable\",\"value\":\"#\"},{\"name\":\"core-related-related_ct-related_id-1-id\",\"value\":\"\"},{\"name\":\"core-related-related_ct-related_id-1-publishable\",\"value\":\"#\"},{\"name\":\"core-related-related_ct-related_id-2-id\",\"value\":\"\"},{\"name\":\"core-related-related_ct-related_id-2-publishable\",\"value\":\"#\"},{\"name\":\"success\",\"value\":\"\"}]",
            "user": 1,
            "ts": "2011-11-22 14:22:59",
            "ct": 29
        }
    },
    {
        "pk": 1,
        "model": "articles.article",
        "fields": {
            "updated": null,
            "authors": [
                1
            ],
            "upper_title": "",
            "created": "2011-11-22 02:30:55"
        }
    },
    {
        "pk": 2,
        "model": "articles.article",
        "fields": {
            "updated": null,
            "authors": [
                1
            ],
            "upper_title": "",
            "created": "2011-11-22 15:51:09"
        }
    },
    {
        "pk": 3,
        "model": "articles.article",
        "fields": {
            "updated": null,
            "authors": [
                1
            ],
            "upper_title": "",
            "created": "2011-11-22 15:53:23"
        }
    },
    {
        "pk": 1,
        "model": "articles.articlecontents",
        "fields": {
            "content": "<p>Lorem ipsum dolor sit amet, consectetur adipiscing elit. Maecenas tristique commodo blandit. Proin interdum, arcu non varius tempor, velit risus ullamcorper libero, nec accumsan arcu dui eget orci. Sed aliquet tortor id neque adipiscing molestie. Aenean ipsum dui, condimentum vel convallis ac, condimentum ac ipsum. Suspendisse ut neque nisl. Praesent urna urna, imperdiet sit amet condimentum et, posuere varius dui. Ut id ligula est.</p>\n\n<p>Maecenas iaculis fringilla purus. Aliquam aliquet magna nec leo scelerisque a vehicula eros ornare. Sed et nibh dolor, at lobortis ligula. Vivamus vel posuere ante. Morbi magna odio, lobortis eu fringilla non, aliquam blandit orci. Aenean tempor venenatis magna, nec bibendum urna volutpat id. Phasellus pellentesque justo sed odio facilisis et bibendum dui porta. Nulla ut augue sed risus auctor accumsan eget eu magna. Nullam auctor consequat diam, a laoreet lacus lobortis non. In hac habitasse platea dictumst. Etiam sollicitudin lorem id est iaculis tempor. Morbi eget ligula augue.</p>\n\n<p>Nulla laoreet justo risus, et consectetur justo. Quisque et mauris nec est placerat volutpat. Vestibulum ut magna tellus, id rutrum orci. Sed et lorem at dui luctus luctus at et tellus. Donec sit amet sapien ut elit fermentum sagittis id sed sem. Sed bibendum porttitor nulla quis consectetur. Etiam imperdiet rutrum turpis, at tincidunt turpis pulvinar vitae. Maecenas in risus sit amet nisl condimentum scelerisque sed ac lectus. Mauris nisl mi, dapibus sit amet sollicitudin pharetra, blandit quis nisl. Fusce porta aliquam arcu et facilisis. Morbi congue ullamcorper metus in semper.</p>\n\n<p>Vivamus tempus facilisis viverra. Pellentesque porta, est sed ullamcorper viverra, quam massa luctus risus, ut vulputate ante diam at sapien. Nullam in ligula erat, vitae sodales dui. Morbi vel leo ac orci fringilla vestibulum et sed lorem. Quisque ac sodales dui. Aliquam congue diam a ante interdum non accumsan augue malesuada. Aliquam rutrum enim in lectus eleifend dictum vehicula dui euismod. Nullam commodo feugiat sollicitudin. Nulla lacinia suscipit turpis a volutpat. Aliquam orci orci, interdum sagittis venenatis ac, congue faucibus enim. Vestibulum ante ipsum primis in faucibus orci luctus et ultrices posuere cubilia Curae;</p>\n\n<p>Cum sociis natoque penatibus et magnis dis parturient montes, nascetur ridiculus mus. Ut mattis pharetra neque vitae semper. Phasellus sit amet ipsum neque, non laoreet dolor. Fusce vitae nisi augue, eget interdum velit. Ut sagittis dapibus nulla, a ornare metus vehicula sit amet. In dui lorem, lobortis ut vestibulum quis, rhoncus eget nulla. Aliquam varius euismod viverra. Nulla vitae diam eu velit pretium fringilla quis consequat orci. Praesent venenatis erat et odio adipiscing auctor. Suspendisse potenti. Cras quis quam vitae justo volutpat varius quis in neque. Aenean porta vestibulum orci.</p>\n",
            "article": 1,
            "title": ""
        }
    },
    {
        "pk": 2,
        "model": "articles.articlecontents",
        "fields": {
            "content": "<p>Lorem ipsum dolor sit amet, consectetur adipiscing elit. Maecenas tristique commodo blandit. Proin interdum, arcu non varius tempor, velit risus ullamcorper libero, nec accumsan arcu dui eget orci. Sed aliquet tortor id neque adipiscing molestie. Aenean ipsum dui, condimentum vel convallis ac, condimentum ac ipsum. Suspendisse ut neque nisl. Praesent urna urna, imperdiet sit amet condimentum et, posuere varius dui. Ut id ligula est.</p>\n\n<p>Maecenas iaculis fringilla purus. Aliquam aliquet magna nec leo scelerisque a vehicula eros ornare. Sed et nibh dolor, at lobortis ligula. Vivamus vel posuere ante. Morbi magna odio, lobortis eu fringilla non, aliquam blandit orci. Aenean tempor venenatis magna, nec bibendum urna volutpat id. Phasellus pellentesque justo sed odio facilisis et bibendum dui porta. Nulla ut augue sed risus auctor accumsan eget eu magna. Nullam auctor consequat diam, a laoreet lacus lobortis non. In hac habitasse platea dictumst. Etiam sollicitudin lorem id est iaculis tempor. Morbi eget ligula augue.</p>\n\n<p>Nulla laoreet justo risus, et consectetur justo. Quisque et mauris nec est placerat volutpat. Vestibulum ut magna tellus, id rutrum orci. Sed et lorem at dui luctus luctus at et tellus. Donec sit amet sapien ut elit fermentum sagittis id sed sem. Sed bibendum porttitor nulla quis consectetur. Etiam imperdiet rutrum turpis, at tincidunt turpis pulvinar vitae. Maecenas in risus sit amet nisl condimentum scelerisque sed ac lectus. Mauris nisl mi, dapibus sit amet sollicitudin pharetra, blandit quis nisl. Fusce porta aliquam arcu et facilisis. Morbi congue ullamcorper metus in semper.</p>\n\n<p>Vivamus tempus facilisis viverra. Pellentesque porta, est sed ullamcorper viverra, quam massa luctus risus, ut vulputate ante diam at sapien. Nullam in ligula erat, vitae sodales dui. Morbi vel leo ac orci fringilla vestibulum et sed lorem. Quisque ac sodales dui. Aliquam congue diam a ante interdum non accumsan augue malesuada. Aliquam rutrum enim in lectus eleifend dictum vehicula dui euismod. Nullam commodo feugiat sollicitudin. Nulla lacinia suscipit turpis a volutpat. Aliquam orci orci, interdum sagittis venenatis ac, congue faucibus enim. Vestibulum ante ipsum primis in faucibus orci luctus et ultrices posuere cubilia Curae;</p>\n\n<p>Cum sociis natoque penatibus et magnis dis parturient montes, nascetur ridiculus mus. Ut mattis pharetra neque vitae semper. Phasellus sit amet ipsum neque, non laoreet dolor. Fusce vitae nisi augue, eget interdum velit. Ut sagittis dapibus nulla, a ornare metus vehicula sit amet. In dui lorem, lobortis ut vestibulum quis, rhoncus eget nulla. Aliquam varius euismod viverra. Nulla vitae diam eu velit pretium fringilla quis consequat orci. Praesent venenatis erat et odio adipiscing auctor. Suspendisse potenti. Cras quis quam vitae justo volutpat varius quis in neque. Aenean porta vestibulum orci.</p>\n",
            "article": 2,
            "title": ""
        }
    },
    {
        "pk": 3,
        "model": "articles.articlecontents",
        "fields": {
            "content": "<p>Lorem ipsum dolor sit amet, consectetur adipiscing elit. Maecenas tristique commodo blandit. Proin interdum, arcu non varius tempor, velit risus ullamcorper libero, nec accumsan arcu dui eget orci. Sed aliquet tortor id neque adipiscing molestie. Aenean ipsum dui, condimentum vel convallis ac, condimentum ac ipsum. Suspendisse ut neque nisl. Praesent urna urna, imperdiet sit amet condimentum et, posuere varius dui. Ut id ligula est.</p>\n\n<p>Maecenas iaculis fringilla purus. Aliquam aliquet magna nec leo scelerisque a vehicula eros ornare. Sed et nibh dolor, at lobortis ligula. Vivamus vel posuere ante. Morbi magna odio, lobortis eu fringilla non, aliquam blandit orci. Aenean tempor venenatis magna, nec bibendum urna volutpat id. Phasellus pellentesque justo sed odio facilisis et bibendum dui porta. Nulla ut augue sed risus auctor accumsan eget eu magna. Nullam auctor consequat diam, a laoreet lacus lobortis non. In hac habitasse platea dictumst. Etiam sollicitudin lorem id est iaculis tempor. Morbi eget ligula augue.</p>\n\n<p>Nulla laoreet justo risus, et consectetur justo. Quisque et mauris nec est placerat volutpat. Vestibulum ut magna tellus, id rutrum orci. Sed et lorem at dui luctus luctus at et tellus. Donec sit amet sapien ut elit fermentum sagittis id sed sem. Sed bibendum porttitor nulla quis consectetur. Etiam imperdiet rutrum turpis, at tincidunt turpis pulvinar vitae. Maecenas in risus sit amet nisl condimentum scelerisque sed ac lectus. Mauris nisl mi, dapibus sit amet sollicitudin pharetra, blandit quis nisl. Fusce porta aliquam arcu et facilisis. Morbi congue ullamcorper metus in semper.</p>\n\n<p>Vivamus tempus facilisis viverra. Pellentesque porta, est sed ullamcorper viverra, quam massa luctus risus, ut vulputate ante diam at sapien. Nullam in ligula erat, vitae sodales dui. Morbi vel leo ac orci fringilla vestibulum et sed lorem. Quisque ac sodales dui. Aliquam congue diam a ante interdum non accumsan augue malesuada. Aliquam rutrum enim in lectus eleifend dictum vehicula dui euismod. Nullam commodo feugiat sollicitudin. Nulla lacinia suscipit turpis a volutpat. Aliquam orci orci, interdum sagittis venenatis ac, congue faucibus enim. Vestibulum ante ipsum primis in faucibus orci luctus et ultrices posuere cubilia Curae;</p>\n\n<p>Cum sociis natoque penatibus et magnis dis parturient montes, nascetur ridiculus mus. Ut mattis pharetra neque vitae semper. Phasellus sit amet ipsum neque, non laoreet dolor. Fusce vitae nisi augue, eget interdum velit. Ut sagittis dapibus nulla, a ornare metus vehicula sit amet. In dui lorem, lobortis ut vestibulum quis, rhoncus eget nulla. Aliquam varius euismod viverra. Nulla vitae diam eu velit pretium fringilla quis consequat orci. Praesent venenatis erat et odio adipiscing auctor. Suspendisse potenti. Cras quis quam vitae justo volutpat varius quis in neque. Aenean porta vestibulum orci.</p>\n",
            "article": 3,
            "title": ""
        }
    },
    {
        "pk": 1,
        "model": "djangomarkup.textprocessor",
        "fields": {
            "function": "djangomarkup.processors.markdown",
            "processor_options": "",
            "name": "markdown"
        }
    },
    {
        "pk": 2,
        "model": "djangomarkup.textprocessor",
        "fields": {
            "function": "djangomarkup.processors.czechtile",
            "processor_options": "",
            "name": "czechtile"
        }
    },
    {
        "pk": 3,
        "model": "djangomarkup.textprocessor",
        "fields": {
            "function": "djangomarkup.processors.rest",
            "processor_options": "",
            "name": "rest"
        }
    },
    {
        "pk": 1,
        "model": "djangomarkup.sourcetext",
        "fields": {
            "modification_time": "2011-11-22 16:54:57",
            "object_id": 1,
            "content": "Read our very first article!",
            "field": "description",
            "content_type": 29,
            "processor": 1
        }
    },
    {
        "pk": 2,
        "model": "djangomarkup.sourcetext",
        "fields": {
            "modification_time": "2011-11-22 16:54:57",
            "object_id": 1,
            "content": "Lorem ipsum dolor sit amet, consectetur adipiscing elit. Maecenas tristique commodo blandit. Proin interdum, arcu non varius tempor, velit risus ullamcorper libero, nec accumsan arcu dui eget orci. Sed aliquet tortor id neque adipiscing molestie. Aenean ipsum dui, condimentum vel convallis ac, condimentum ac ipsum. Suspendisse ut neque nisl. Praesent urna urna, imperdiet sit amet condimentum et, posuere varius dui. Ut id ligula est.\n\nMaecenas iaculis fringilla purus. Aliquam aliquet magna nec leo scelerisque a vehicula eros ornare. Sed et nibh dolor, at lobortis ligula. Vivamus vel posuere ante. Morbi magna odio, lobortis eu fringilla non, aliquam blandit orci. Aenean tempor venenatis magna, nec bibendum urna volutpat id. Phasellus pellentesque justo sed odio facilisis et bibendum dui porta. Nulla ut augue sed risus auctor accumsan eget eu magna. Nullam auctor consequat diam, a laoreet lacus lobortis non. In hac habitasse platea dictumst. Etiam sollicitudin lorem id est iaculis tempor. Morbi eget ligula augue.\n\nNulla laoreet justo risus, et consectetur justo. Quisque et mauris nec est placerat volutpat. Vestibulum ut magna tellus, id rutrum orci. Sed et lorem at dui luctus luctus at et tellus. Donec sit amet sapien ut elit fermentum sagittis id sed sem. Sed bibendum porttitor nulla quis consectetur. Etiam imperdiet rutrum turpis, at tincidunt turpis pulvinar vitae. Maecenas in risus sit amet nisl condimentum scelerisque sed ac lectus. Mauris nisl mi, dapibus sit amet sollicitudin pharetra, blandit quis nisl. Fusce porta aliquam arcu et facilisis. Morbi congue ullamcorper metus in semper.\n\nVivamus tempus facilisis viverra. Pellentesque porta, est sed ullamcorper viverra, quam massa luctus risus, ut vulputate ante diam at sapien. Nullam in ligula erat, vitae sodales dui. Morbi vel leo ac orci fringilla vestibulum et sed lorem. Quisque ac sodales dui. Aliquam congue diam a ante interdum non accumsan augue malesuada. Aliquam rutrum enim in lectus eleifend dictum vehicula dui euismod. Nullam commodo feugiat sollicitudin. Nulla lacinia suscipit turpis a volutpat. Aliquam orci orci, interdum sagittis venenatis ac, congue faucibus enim. Vestibulum ante ipsum primis in faucibus orci luctus et ultrices posuere cubilia Curae;\n\nCum sociis natoque penatibus et magnis dis parturient montes, nascetur ridiculus mus. Ut mattis pharetra neque vitae semper. Phasellus sit amet ipsum neque, non laoreet dolor. Fusce vitae nisi augue, eget interdum velit. Ut sagittis dapibus nulla, a ornare metus vehicula sit amet. In dui lorem, lobortis ut vestibulum quis, rhoncus eget nulla. Aliquam varius euismod viverra. Nulla vitae diam eu velit pretium fringilla quis consequat orci. Praesent venenatis erat et odio adipiscing auctor. Suspendisse potenti. Cras quis quam vitae justo volutpat varius quis in neque. Aenean porta vestibulum orci.\n",
            "field": "content",
            "content_type": 30,
            "processor": 1
        }
    },
    {
        "pk": 3,
        "model": "djangomarkup.sourcetext",
        "fields": {
            "modification_time": "2011-11-22 15:52:02",
            "object_id": 2,
            "content": "The most amazing Lorem ipsum ever!",
            "field": "description",
            "content_type": 29,
            "processor": 1
        }
    },
    {
        "pk": 4,
        "model": "djangomarkup.sourcetext",
        "fields": {
            "modification_time": "2011-11-22 15:52:02",
            "object_id": 2,
            "content": "Lorem ipsum dolor sit amet, consectetur adipiscing elit. Maecenas tristique commodo blandit. Proin interdum, arcu non varius tempor, velit risus ullamcorper libero, nec accumsan arcu dui eget orci. Sed aliquet tortor id neque adipiscing molestie. Aenean ipsum dui, condimentum vel convallis ac, condimentum ac ipsum. Suspendisse ut neque nisl. Praesent urna urna, imperdiet sit amet condimentum et, posuere varius dui. Ut id ligula est.\n\nMaecenas iaculis fringilla purus. Aliquam aliquet magna nec leo scelerisque a vehicula eros ornare. Sed et nibh dolor, at lobortis ligula. Vivamus vel posuere ante. Morbi magna odio, lobortis eu fringilla non, aliquam blandit orci. Aenean tempor venenatis magna, nec bibendum urna volutpat id. Phasellus pellentesque justo sed odio facilisis et bibendum dui porta. Nulla ut augue sed risus auctor accumsan eget eu magna. Nullam auctor consequat diam, a laoreet lacus lobortis non. In hac habitasse platea dictumst. Etiam sollicitudin lorem id est iaculis tempor. Morbi eget ligula augue.\n\nNulla laoreet justo risus, et consectetur justo. Quisque et mauris nec est placerat volutpat. Vestibulum ut magna tellus, id rutrum orci. Sed et lorem at dui luctus luctus at et tellus. Donec sit amet sapien ut elit fermentum sagittis id sed sem. Sed bibendum porttitor nulla quis consectetur. Etiam imperdiet rutrum turpis, at tincidunt turpis pulvinar vitae. Maecenas in risus sit amet nisl condimentum scelerisque sed ac lectus. Mauris nisl mi, dapibus sit amet sollicitudin pharetra, blandit quis nisl. Fusce porta aliquam arcu et facilisis. Morbi congue ullamcorper metus in semper.\n\nVivamus tempus facilisis viverra. Pellentesque porta, est sed ullamcorper viverra, quam massa luctus risus, ut vulputate ante diam at sapien. Nullam in ligula erat, vitae sodales dui. Morbi vel leo ac orci fringilla vestibulum et sed lorem. Quisque ac sodales dui. Aliquam congue diam a ante interdum non accumsan augue malesuada. Aliquam rutrum enim in lectus eleifend dictum vehicula dui euismod. Nullam commodo feugiat sollicitudin. Nulla lacinia suscipit turpis a volutpat. Aliquam orci orci, interdum sagittis venenatis ac, congue faucibus enim. Vestibulum ante ipsum primis in faucibus orci luctus et ultrices posuere cubilia Curae;\n\nCum sociis natoque penatibus et magnis dis parturient montes, nascetur ridiculus mus. Ut mattis pharetra neque vitae semper. Phasellus sit amet ipsum neque, non laoreet dolor. Fusce vitae nisi augue, eget interdum velit. Ut sagittis dapibus nulla, a ornare metus vehicula sit amet. In dui lorem, lobortis ut vestibulum quis, rhoncus eget nulla. Aliquam varius euismod viverra. Nulla vitae diam eu velit pretium fringilla quis consequat orci. Praesent venenatis erat et odio adipiscing auctor. Suspendisse potenti. Cras quis quam vitae justo volutpat varius quis in neque. Aenean porta vestibulum orci.\n",
            "field": "content",
            "content_type": 30,
            "processor": 1
        }
    },
    {
        "pk": 5,
        "model": "djangomarkup.sourcetext",
        "fields": {
            "modification_time": "2011-11-22 15:53:42",
            "object_id": 3,
            "content": "The most boring article ever! You must to read it!",
            "field": "description",
            "content_type": 29,
            "processor": 1
        }
    },
    {
        "pk": 6,
        "model": "djangomarkup.sourcetext",
        "fields": {
            "modification_time": "2011-11-22 15:53:42",
            "object_id": 3,
            "content": "Lorem ipsum dolor sit amet, consectetur adipiscing elit. Maecenas tristique commodo blandit. Proin interdum, arcu non varius tempor, velit risus ullamcorper libero, nec accumsan arcu dui eget orci. Sed aliquet tortor id neque adipiscing molestie. Aenean ipsum dui, condimentum vel convallis ac, condimentum ac ipsum. Suspendisse ut neque nisl. Praesent urna urna, imperdiet sit amet condimentum et, posuere varius dui. Ut id ligula est.\n\nMaecenas iaculis fringilla purus. Aliquam aliquet magna nec leo scelerisque a vehicula eros ornare. Sed et nibh dolor, at lobortis ligula. Vivamus vel posuere ante. Morbi magna odio, lobortis eu fringilla non, aliquam blandit orci. Aenean tempor venenatis magna, nec bibendum urna volutpat id. Phasellus pellentesque justo sed odio facilisis et bibendum dui porta. Nulla ut augue sed risus auctor accumsan eget eu magna. Nullam auctor consequat diam, a laoreet lacus lobortis non. In hac habitasse platea dictumst. Etiam sollicitudin lorem id est iaculis tempor. Morbi eget ligula augue.\n\nNulla laoreet justo risus, et consectetur justo. Quisque et mauris nec est placerat volutpat. Vestibulum ut magna tellus, id rutrum orci. Sed et lorem at dui luctus luctus at et tellus. Donec sit amet sapien ut elit fermentum sagittis id sed sem. Sed bibendum porttitor nulla quis consectetur. Etiam imperdiet rutrum turpis, at tincidunt turpis pulvinar vitae. Maecenas in risus sit amet nisl condimentum scelerisque sed ac lectus. Mauris nisl mi, dapibus sit amet sollicitudin pharetra, blandit quis nisl. Fusce porta aliquam arcu et facilisis. Morbi congue ullamcorper metus in semper.\n\nVivamus tempus facilisis viverra. Pellentesque porta, est sed ullamcorper viverra, quam massa luctus risus, ut vulputate ante diam at sapien. Nullam in ligula erat, vitae sodales dui. Morbi vel leo ac orci fringilla vestibulum et sed lorem. Quisque ac sodales dui. Aliquam congue diam a ante interdum non accumsan augue malesuada. Aliquam rutrum enim in lectus eleifend dictum vehicula dui euismod. Nullam commodo feugiat sollicitudin. Nulla lacinia suscipit turpis a volutpat. Aliquam orci orci, interdum sagittis venenatis ac, congue faucibus enim. Vestibulum ante ipsum primis in faucibus orci luctus et ultrices posuere cubilia Curae;\n\nCum sociis natoque penatibus et magnis dis parturient montes, nascetur ridiculus mus. Ut mattis pharetra neque vitae semper. Phasellus sit amet ipsum neque, non laoreet dolor. Fusce vitae nisi augue, eget interdum velit. Ut sagittis dapibus nulla, a ornare metus vehicula sit amet. In dui lorem, lobortis ut vestibulum quis, rhoncus eget nulla. Aliquam varius euismod viverra. Nulla vitae diam eu velit pretium fringilla quis consequat orci. Praesent venenatis erat et odio adipiscing auctor. Suspendisse potenti. Cras quis quam vitae justo volutpat varius quis in neque. Aenean porta vestibulum orci.\n",
            "field": "content",
            "content_type": 30,
            "processor": 1
        }
    },
    {
        "pk": 1,
        "model": "auth.permission",
        "fields": {
            "codename": "add_logentry",
            "name": "Can add log entry",
            "content_type": 1
        }
    },
    {
        "pk": 2,
        "model": "auth.permission",
        "fields": {
            "codename": "change_logentry",
            "name": "Can change log entry",
            "content_type": 1
        }
    },
    {
        "pk": 3,
        "model": "auth.permission",
        "fields": {
            "codename": "delete_logentry",
            "name": "Can delete log entry",
            "content_type": 1
        }
    },
    {
        "pk": 85,
        "model": "auth.permission",
        "fields": {
            "codename": "add_article",
            "name": "Can add Article",
            "content_type": 29
        }
    },
    {
        "pk": 86,
        "model": "auth.permission",
        "fields": {
            "codename": "change_article",
            "name": "Can change Article",
            "content_type": 29
        }
    },
    {
        "pk": 87,
        "model": "auth.permission",
        "fields": {
            "codename": "delete_article",
            "name": "Can delete Article",
            "content_type": 29
        }
    },
    {
        "pk": 88,
        "model": "auth.permission",
        "fields": {
            "codename": "add_articlecontents",
            "name": "Can add Article content",
            "content_type": 30
        }
    },
    {
        "pk": 89,
        "model": "auth.permission",
        "fields": {
            "codename": "change_articlecontents",
            "name": "Can change Article content",
            "content_type": 30
        }
    },
    {
        "pk": 90,
        "model": "auth.permission",
        "fields": {
            "codename": "delete_articlecontents",
            "name": "Can delete Article content",
            "content_type": 30
        }
    },
    {
        "pk": 82,
        "model": "auth.permission",
        "fields": {
            "codename": "add_infobox",
            "name": "Can add Info box",
            "content_type": 28
        }
    },
    {
        "pk": 83,
        "model": "auth.permission",
        "fields": {
            "codename": "change_infobox",
            "name": "Can change Info box",
            "content_type": 28
        }
    },
    {
        "pk": 84,
        "model": "auth.permission",
        "fields": {
            "codename": "delete_infobox",
            "name": "Can delete Info box",
            "content_type": 28
        }
    },
    {
        "pk": 7,
        "model": "auth.permission",
        "fields": {
            "codename": "add_group",
            "name": "Can add group",
            "content_type": 3
        }
    },
    {
        "pk": 8,
        "model": "auth.permission",
        "fields": {
            "codename": "change_group",
            "name": "Can change group",
            "content_type": 3
        }
    },
    {
        "pk": 9,
        "model": "auth.permission",
        "fields": {
            "codename": "delete_group",
            "name": "Can delete group",
            "content_type": 3
        }
    },
    {
        "pk": 13,
        "model": "auth.permission",
        "fields": {
            "codename": "add_message",
            "name": "Can add message",
            "content_type": 5
        }
    },
    {
        "pk": 14,
        "model": "auth.permission",
        "fields": {
            "codename": "change_message",
            "name": "Can change message",
            "content_type": 5
        }
    },
    {
        "pk": 15,
        "model": "auth.permission",
        "fields": {
            "codename": "delete_message",
            "name": "Can delete message",
            "content_type": 5
        }
    },
    {
        "pk": 4,
        "model": "auth.permission",
        "fields": {
            "codename": "add_permission",
            "name": "Can add permission",
            "content_type": 2
        }
    },
    {
        "pk": 5,
        "model": "auth.permission",
        "fields": {
            "codename": "change_permission",
            "name": "Can change permission",
            "content_type": 2
        }
    },
    {
        "pk": 6,
        "model": "auth.permission",
        "fields": {
            "codename": "delete_permission",
            "name": "Can delete permission",
            "content_type": 2
        }
    },
    {
        "pk": 10,
        "model": "auth.permission",
        "fields": {
            "codename": "add_user",
            "name": "Can add user",
            "content_type": 4
        }
    },
    {
        "pk": 11,
        "model": "auth.permission",
        "fields": {
            "codename": "change_user",
            "name": "Can change user",
            "content_type": 4
        }
    },
    {
        "pk": 12,
        "model": "auth.permission",
        "fields": {
            "codename": "delete_user",
            "name": "Can delete user",
            "content_type": 4
        }
    },
    {
        "pk": 16,
        "model": "auth.permission",
        "fields": {
            "codename": "add_contenttype",
            "name": "Can add content type",
            "content_type": 6
        }
    },
    {
        "pk": 17,
        "model": "auth.permission",
        "fields": {
            "codename": "change_contenttype",
            "name": "Can change content type",
            "content_type": 6
        }
    },
    {
        "pk": 18,
        "model": "auth.permission",
        "fields": {
            "codename": "delete_contenttype",
            "name": "Can delete content type",
            "content_type": 6
        }
    },
    {
        "pk": 28,
        "model": "auth.permission",
        "fields": {
            "codename": "add_author",
            "name": "Can add Author",
            "content_type": 10
        }
    },
    {
        "pk": 29,
        "model": "auth.permission",
        "fields": {
            "codename": "change_author",
            "name": "Can change Author",
            "content_type": 10
        }
    },
    {
        "pk": 30,
        "model": "auth.permission",
        "fields": {
            "codename": "delete_author",
            "name": "Can delete Author",
            "content_type": 10
        }
    },
    {
        "pk": 34,
        "model": "auth.permission",
        "fields": {
            "codename": "add_category",
            "name": "Can add Category",
            "content_type": 12
        }
    },
    {
        "pk": 35,
        "model": "auth.permission",
        "fields": {
            "codename": "change_category",
            "name": "Can change Category",
            "content_type": 12
        }
    },
    {
        "pk": 36,
        "model": "auth.permission",
        "fields": {
            "codename": "delete_category",
            "name": "Can delete Category",
            "content_type": 12
        }
    },
    {
        "pk": 37,
        "model": "auth.permission",
        "fields": {
            "codename": "add_dependency",
            "name": "Can add Dependency",
            "content_type": 13
        }
    },
    {
        "pk": 38,
        "model": "auth.permission",
        "fields": {
            "codename": "change_dependency",
            "name": "Can change Dependency",
            "content_type": 13
        }
    },
    {
        "pk": 39,
        "model": "auth.permission",
        "fields": {
            "codename": "delete_dependency",
            "name": "Can delete Dependency",
            "content_type": 13
        }
    },
    {
        "pk": 49,
        "model": "auth.permission",
        "fields": {
            "codename": "add_hitcount",
            "name": "Can add Hit Count",
            "content_type": 17
        }
    },
    {
        "pk": 50,
        "model": "auth.permission",
        "fields": {
            "codename": "change_hitcount",
            "name": "Can change Hit Count",
            "content_type": 17
        }
    },
    {
        "pk": 51,
        "model": "auth.permission",
        "fields": {
            "codename": "delete_hitcount",
            "name": "Can delete Hit Count",
            "content_type": 17
        }
    },
    {
        "pk": 46,
        "model": "auth.permission",
        "fields": {
            "codename": "add_listing",
            "name": "Can add Listing",
            "content_type": 16
        }
    },
    {
        "pk": 47,
        "model": "auth.permission",
        "fields": {
            "codename": "change_listing",
            "name": "Can change Listing",
            "content_type": 16
        }
    },
    {
        "pk": 48,
        "model": "auth.permission",
        "fields": {
            "codename": "delete_listing",
            "name": "Can delete Listing",
            "content_type": 16
        }
    },
    {
        "pk": 43,
        "model": "auth.permission",
        "fields": {
            "codename": "add_placement",
            "name": "Can add Placement",
            "content_type": 15
        }
    },
    {
        "pk": 44,
        "model": "auth.permission",
        "fields": {
            "codename": "change_placement",
            "name": "Can change Placement",
            "content_type": 15
        }
    },
    {
        "pk": 45,
        "model": "auth.permission",
        "fields": {
            "codename": "delete_placement",
            "name": "Can delete Placement",
            "content_type": 15
        }
    },
    {
        "pk": 40,
        "model": "auth.permission",
        "fields": {
            "codename": "add_publishable",
            "name": "Can add Publishable object",
            "content_type": 14
        }
    },
    {
        "pk": 41,
        "model": "auth.permission",
        "fields": {
            "codename": "change_publishable",
            "name": "Can change Publishable object",
            "content_type": 14
        }
    },
    {
        "pk": 42,
        "model": "auth.permission",
        "fields": {
            "codename": "delete_publishable",
            "name": "Can delete Publishable object",
            "content_type": 14
        }
    },
    {
        "pk": 52,
        "model": "auth.permission",
        "fields": {
            "codename": "add_related",
            "name": "Can add Related",
            "content_type": 18
        }
    },
    {
        "pk": 53,
        "model": "auth.permission",
        "fields": {
            "codename": "change_related",
            "name": "Can change Related",
            "content_type": 18
        }
    },
    {
        "pk": 54,
        "model": "auth.permission",
        "fields": {
            "codename": "delete_related",
            "name": "Can delete Related",
            "content_type": 18
        }
    },
    {
        "pk": 31,
        "model": "auth.permission",
        "fields": {
            "codename": "add_source",
            "name": "Can add Source",
            "content_type": 11
        }
    },
    {
        "pk": 32,
        "model": "auth.permission",
        "fields": {
            "codename": "change_source",
            "name": "Can change Source",
            "content_type": 11
        }
    },
    {
        "pk": 33,
        "model": "auth.permission",
        "fields": {
            "codename": "delete_source",
            "name": "Can delete Source",
            "content_type": 11
        }
    },
    {
        "pk": 94,
        "model": "auth.permission",
        "fields": {
            "codename": "add_sourcetext",
            "name": "Can add Text source",
            "content_type": 32
        }
    },
    {
        "pk": 95,
        "model": "auth.permission",
        "fields": {
            "codename": "change_sourcetext",
            "name": "Can change Text source",
            "content_type": 32
        }
    },
    {
        "pk": 96,
        "model": "auth.permission",
        "fields": {
            "codename": "delete_sourcetext",
            "name": "Can delete Text source",
            "content_type": 32
        }
    },
    {
        "pk": 91,
        "model": "auth.permission",
        "fields": {
            "codename": "add_textprocessor",
            "name": "Can add Text processor",
            "content_type": 31
        }
    },
    {
        "pk": 92,
        "model": "auth.permission",
        "fields": {
            "codename": "change_textprocessor",
            "name": "Can change Text processor",
            "content_type": 31
        }
    },
    {
        "pk": 93,
        "model": "auth.permission",
        "fields": {
            "codename": "delete_textprocessor",
            "name": "Can delete Text processor",
            "content_type": 31
        }
    },
    {
        "pk": 97,
        "model": "auth.permission",
        "fields": {
            "codename": "add_categorysubdomain",
            "name": "Can add SEO Category",
            "content_type": 33
        }
    },
    {
        "pk": 98,
        "model": "auth.permission",
        "fields": {
            "codename": "change_categorysubdomain",
            "name": "Can change SEO Category",
            "content_type": 33
        }
    },
    {
        "pk": 99,
        "model": "auth.permission",
        "fields": {
            "codename": "delete_categorysubdomain",
            "name": "Can delete SEO Category",
            "content_type": 33
        }
    },
    {
        "pk": 67,
        "model": "auth.permission",
        "fields": {
            "codename": "add_adminhelpitem",
            "name": "Can add Help item",
            "content_type": 23
        }
    },
    {
        "pk": 68,
        "model": "auth.permission",
        "fields": {
            "codename": "change_adminhelpitem",
            "name": "Can change Help item",
            "content_type": 23
        }
    },
    {
        "pk": 69,
        "model": "auth.permission",
        "fields": {
            "codename": "delete_adminhelpitem",
            "name": "Can delete Help item",
            "content_type": 23
        }
    },
    {
        "pk": 73,
        "model": "auth.permission",
        "fields": {
            "codename": "add_adminsetting",
            "name": "Can add Admin user setting",
            "content_type": 25
        }
    },
    {
        "pk": 74,
        "model": "auth.permission",
        "fields": {
            "codename": "change_adminsetting",
            "name": "Can change Admin user setting",
            "content_type": 25
        }
    },
    {
        "pk": 75,
        "model": "auth.permission",
        "fields": {
            "codename": "delete_adminsetting",
            "name": "Can delete Admin user setting",
            "content_type": 25
        }
    },
    {
        "pk": 70,
        "model": "auth.permission",
        "fields": {
            "codename": "add_adminuserdraft",
            "name": "Can add Draft item",
            "content_type": 24
        }
    },
    {
        "pk": 71,
        "model": "auth.permission",
        "fields": {
            "codename": "change_adminuserdraft",
            "name": "Can change Draft item",
            "content_type": 24
        }
    },
    {
        "pk": 72,
        "model": "auth.permission",
        "fields": {
            "codename": "delete_adminuserdraft",
            "name": "Can delete Draft item",
            "content_type": 24
        }
    },
    {
        "pk": 76,
        "model": "auth.permission",
        "fields": {
            "codename": "add_categoryuserrole",
            "name": "Can add User role in category",
            "content_type": 26
        }
    },
    {
        "pk": 77,
        "model": "auth.permission",
        "fields": {
            "codename": "change_categoryuserrole",
            "name": "Can change User role in category",
            "content_type": 26
        }
    },
    {
        "pk": 78,
        "model": "auth.permission",
        "fields": {
            "codename": "delete_categoryuserrole",
            "name": "Can delete User role in category",
            "content_type": 26
        }
    },
    {
        "pk": 79,
        "model": "auth.permission",
        "fields": {
            "codename": "add_denormalizedcategoryuserrole",
            "name": "Can add denormalized category user role",
            "content_type": 27
        }
    },
    {
        "pk": 80,
        "model": "auth.permission",
        "fields": {
            "codename": "change_denormalizedcategoryuserrole",
            "name": "Can change denormalized category user role",
            "content_type": 27
        }
    },
    {
        "pk": 81,
        "model": "auth.permission",
        "fields": {
            "codename": "delete_denormalizedcategoryuserrole",
            "name": "Can delete denormalized category user role",
            "content_type": 27
        }
    },
    {
        "pk": 64,
        "model": "auth.permission",
        "fields": {
            "codename": "add_devmessage",
            "name": "Can add Development message",
            "content_type": 22
        }
    },
    {
        "pk": 65,
        "model": "auth.permission",
        "fields": {
            "codename": "change_devmessage",
            "name": "Can change Development message",
            "content_type": 22
        }
    },
    {
        "pk": 66,
        "model": "auth.permission",
        "fields": {
            "codename": "delete_devmessage",
            "name": "Can delete Development message",
            "content_type": 22
        }
    },
    {
        "pk": 58,
        "model": "auth.permission",
        "fields": {
            "codename": "add_format",
            "name": "Can add Format",
            "content_type": 20
        }
    },
    {
        "pk": 59,
        "model": "auth.permission",
        "fields": {
            "codename": "change_format",
            "name": "Can change Format",
            "content_type": 20
        }
    },
    {
        "pk": 60,
        "model": "auth.permission",
        "fields": {
            "codename": "delete_format",
            "name": "Can delete Format",
            "content_type": 20
        }
    },
    {
        "pk": 61,
        "model": "auth.permission",
        "fields": {
            "codename": "add_formatedphoto",
            "name": "Can add Formated photo",
            "content_type": 21
        }
    },
    {
        "pk": 62,
        "model": "auth.permission",
        "fields": {
            "codename": "change_formatedphoto",
            "name": "Can change Formated photo",
            "content_type": 21
        }
    },
    {
        "pk": 63,
        "model": "auth.permission",
        "fields": {
            "codename": "delete_formatedphoto",
            "name": "Can delete Formated photo",
            "content_type": 21
        }
    },
    {
        "pk": 55,
        "model": "auth.permission",
        "fields": {
            "codename": "add_photo",
            "name": "Can add Photo",
            "content_type": 19
        }
    },
    {
        "pk": 56,
        "model": "auth.permission",
        "fields": {
            "codename": "change_photo",
            "name": "Can change Photo",
            "content_type": 19
        }
    },
    {
        "pk": 57,
        "model": "auth.permission",
        "fields": {
            "codename": "delete_photo",
            "name": "Can delete Photo",
            "content_type": 19
        }
    },
    {
        "pk": 25,
        "model": "auth.permission",
        "fields": {
            "codename": "add_redirect",
            "name": "Can add redirect",
            "content_type": 9
        }
    },
    {
        "pk": 26,
        "model": "auth.permission",
        "fields": {
            "codename": "change_redirect",
            "name": "Can change redirect",
            "content_type": 9
        }
    },
    {
        "pk": 27,
        "model": "auth.permission",
        "fields": {
            "codename": "delete_redirect",
            "name": "Can delete redirect",
            "content_type": 9
        }
    },
    {
        "pk": 19,
        "model": "auth.permission",
        "fields": {
            "codename": "add_session",
            "name": "Can add session",
            "content_type": 7
        }
    },
    {
        "pk": 20,
        "model": "auth.permission",
        "fields": {
            "codename": "change_session",
            "name": "Can change session",
            "content_type": 7
        }
    },
    {
        "pk": 21,
        "model": "auth.permission",
        "fields": {
            "codename": "delete_session",
            "name": "Can delete session",
            "content_type": 7
        }
    },
    {
        "pk": 22,
        "model": "auth.permission",
        "fields": {
            "codename": "add_site",
            "name": "Can add site",
            "content_type": 8
        }
    },
    {
        "pk": 23,
        "model": "auth.permission",
        "fields": {
            "codename": "change_site",
            "name": "Can change site",
            "content_type": 8
        }
    },
    {
        "pk": 24,
        "model": "auth.permission",
        "fields": {
            "codename": "delete_site",
            "name": "Can delete site",
            "content_type": 8
        }
    },
    {
        "pk": 22,
        "model": "admin.logentry",
        "fields": {
            "action_flag": 2,
            "action_time": "2011-11-22 16:54:57",
            "object_repr": "The very first article",
            "object_id": "1",
            "change_message": "Changed authors and description. Changed content for Article content \"The very first article\". Changed publish_from and listings for Placement \"The very first article placed in Example site/\".",
            "user": 1,
            "content_type": 29
        }
    },
    {
        "pk": 21,
        "model": "admin.logentry",
        "fields": {
            "action_flag": 2,
            "action_time": "2011-11-22 15:53:42",
            "object_repr": "Boring article",
            "object_id": "3",
            "change_message": "Changed authors and description. Changed content for Article content \"Boring article\". Changed publish_from and listings for Placement \"Boring article placed in Example site/boring\".",
            "user": 1,
            "content_type": 29
        }
    },
    {
        "pk": 20,
        "model": "admin.logentry",
        "fields": {
            "action_flag": 1,
            "action_time": "2011-11-22 15:53:23",
            "object_repr": "Boring article",
            "object_id": "3",
            "change_message": "",
            "user": 1,
            "content_type": 29
        }
    },
    {
        "pk": 19,
        "model": "admin.logentry",
        "fields": {
            "action_flag": 2,
            "action_time": "2011-11-22 15:52:02",
            "object_repr": "Amazing article",
            "object_id": "2",
            "change_message": "Changed authors and description. Changed content for Article content \"Amazing article\". Changed publish_from and listings for Placement \"Amazing article placed in Example site/amazing\".",
            "user": 1,
            "content_type": 29
        }
    },
    {
        "pk": 18,
        "model": "admin.logentry",
        "fields": {
            "action_flag": 1,
            "action_time": "2011-11-22 15:51:09",
            "object_repr": "Amazing article",
            "object_id": "2",
            "change_message": "",
            "user": 1,
            "content_type": 29
        }
    },
    {
        "pk": 17,
        "model": "admin.logentry",
        "fields": {
            "action_flag": 1,
            "action_time": "2011-11-22 15:48:43",
            "object_repr": "Example site/boring",
            "object_id": "3",
            "change_message": "",
            "user": 1,
            "content_type": 12
        }
    },
    {
        "pk": 16,
        "model": "admin.logentry",
        "fields": {
            "action_flag": 2,
            "action_time": "2011-11-22 14:51:54",
            "object_repr": "The very first article",
            "object_id": "1",
            "change_message": "Changed authors and description. Changed content for Article content \"The very first article\". Changed publish_from and listings for Placement \"The very first article placed in Example site/\".",
            "user": 1,
            "content_type": 29
        }
    },
    {
        "pk": 15,
        "model": "admin.logentry",
        "fields": {
            "action_flag": 2,
            "action_time": "2011-11-22 14:49:12",
            "object_repr": "The very first article",
            "object_id": "1",
            "change_message": "Changed authors and description. Changed content for Article content \"The very first article\". Changed publish_from and listings for Placement \"The very first article placed in Example site/\".",
            "user": 1,
            "content_type": 29
        }
    },
    {
        "pk": 14,
        "model": "admin.logentry",
        "fields": {
            "action_flag": 2,
            "action_time": "2011-11-22 14:48:28",
            "object_repr": "The very first article",
            "object_id": "1",
            "change_message": "Changed authors and description. Changed content for Article content \"The very first article\". Changed publish_from and listings for Placement \"The very first article placed in Example site/\".",
            "user": 1,
            "content_type": 29
        }
    },
    {
        "pk": 13,
        "model": "admin.logentry",
        "fields": {
            "action_flag": 2,
            "action_time": "2011-11-22 14:47:34",
            "object_repr": "The very first article",
            "object_id": "1",
            "change_message": "Changed title, authors and description. Changed content for Article content \"The very first article\". Changed publish_from and listings for Placement \"The very first article placed in Example site/\".",
            "user": 1,
            "content_type": 29
        }
    },
    {
        "pk": 12,
        "model": "admin.logentry",
        "fields": {
            "action_flag": 2,
            "action_time": "2011-11-22 14:45:51",
            "object_repr": "Example site/",
            "object_id": "1",
            "change_message": "Changed title, slug and description.",
            "user": 1,
            "content_type": 12
        }
    },
    {
        "pk": 11,
        "model": "admin.logentry",
        "fields": {
            "action_flag": 2,
            "action_time": "2011-11-22 14:44:55",
            "object_repr": "Example site/",
            "object_id": "1",
            "change_message": "Changed title and slug.",
            "user": 1,
            "content_type": 12
        }
    },
    {
        "pk": 10,
        "model": "admin.logentry",
        "fields": {
            "action_flag": 2,
            "action_time": "2011-11-22 14:32:16",
            "object_repr": "Example site/amazing-category",
            "object_id": "2",
            "change_message": "Changed title and slug.",
            "user": 1,
            "content_type": 12
        }
    },
    {
        "pk": 9,
        "model": "admin.logentry",
        "fields": {
            "action_flag": 1,
            "action_time": "2011-11-22 14:30:46",
            "object_repr": "Example site/amazing",
            "object_id": "2",
            "change_message": "",
            "user": 1,
            "content_type": 12
        }
    },
    {
        "pk": 8,
        "model": "admin.logentry",
        "fields": {
            "action_flag": 2,
            "action_time": "2011-11-22 14:23:26",
            "object_repr": "The first article",
            "object_id": "1",
            "change_message": "Changed authors and description. Changed content for Article content \"The first article\". Changed publish_from and listings for Placement \"The first article placed in Example site/\".",
            "user": 1,
            "content_type": 29
        }
    },
    {
        "pk": 7,
        "model": "admin.logentry",
        "fields": {
            "action_flag": 2,
            "action_time": "2011-11-22 14:21:53",
            "object_repr": "The first article",
            "object_id": "1",
            "change_message": "Changed title, slug, authors and description. Changed content for Article content \"The first article\". Changed publish_from and listings for Placement \"The first article placed in Example site/\".",
            "user": 1,
            "content_type": 29
        }
    },
    {
        "pk": 6,
        "model": "admin.logentry",
        "fields": {
            "action_flag": 2,
            "action_time": "2011-11-22 14:21:20",
            "object_repr": "Example site/",
            "object_id": "1",
            "change_message": "No fields changed.",
            "user": 1,
            "content_type": 12
        }
    },
    {
        "pk": 5,
        "model": "admin.logentry",
        "fields": {
            "action_flag": 2,
            "action_time": "2011-11-22 14:01:22",
            "object_repr": "Example site/",
            "object_id": "1",
            "change_message": "No fields changed.",
            "user": 1,
            "content_type": 12
        }
    },
    {
        "pk": 4,
        "model": "admin.logentry",
        "fields": {
            "action_flag": 2,
            "action_time": "2011-11-22 14:01:13",
            "object_repr": "Example site/",
            "object_id": "1",
            "change_message": "Changed title and slug.",
            "user": 1,
            "content_type": 12
        }
    },
    {
        "pk": 3,
        "model": "admin.logentry",
        "fields": {
            "action_flag": 2,
            "action_time": "2011-11-22 14:00:40",
            "object_repr": "King",
            "object_id": "1",
            "change_message": "Changed name and slug.",
            "user": 1,
            "content_type": 10
        }
    },
    {
        "pk": 2,
        "model": "admin.logentry",
        "fields": {
            "action_flag": 2,
            "action_time": "2011-11-22 13:49:00",
            "object_repr": "Example-author",
            "object_id": "1",
            "change_message": "Changed name and slug.",
            "user": 1,
            "content_type": 10
        }
    },
    {
        "pk": 1,
        "model": "admin.logentry",
        "fields": {
            "action_flag": 2,
            "action_time": "2011-11-22 13:47:26",
            "object_repr": "example.com",
            "object_id": "1",
            "change_message": "Changed domain and name.",
            "user": 1,
            "content_type": 8
        }
    },
    {
        "pk": 1,
        "model": "auth.user",
        "fields": {
            "username": "admin",
            "first_name": "",
            "last_name": "",
            "is_active": true,
            "is_superuser": true,
            "is_staff": true,
            "last_login": "2011-11-22 13:46:46",
            "groups": [],
            "user_permissions": [],
            "password": "sha1$fc4e2$bbd6eb21858e3c97f8ad445a5999c17e66bd50c6",
            "email": "admin@example.com",
            "date_joined": "2011-11-22 02:26:43"
        }
    }
]